,ADF_Statistic_Original,p_value_Original,Stationary_Original,ADF_Statistic_1st_Diff,p_value_1st_Diff,Stationary_1st_Diff,ADF_Statistic_2nd_Diff,p_value_2nd_Diff,Stationary_2nd_Diff,"ARIMA(1, 1, 1)_RMSE","ARIMA(1, 0, 1)_RMSE","ARIMA(2, 1, 1)_RMSE","ARIMA(2, 2, 1)_RMSE","ARIMA(2, 2, 2)_RMSE","ARIMA(2, 0, 1)_RMSE",Best_ARIMA,Best_ARIMA_RMSE,"SARIMAX((0, 0, 0), (0, 0, 1, 12))_RMSE","SARIMAX((0, 0, 0), (0, 1, 0, 12))_RMSE","SARIMAX((0, 0, 0), (1, 0, 0, 12))_RMSE","SARIMAX((0, 0, 0), (0, 1, 1, 12))_RMSE","SARIMAX((0, 0, 0), (1, 1, 1, 12))_RMSE","SARIMAX((0, 0, 0), (1, 1, 0, 12))_RMSE",Best_SARIMAX,Best_SARIMAX_RMSE,Best_Model,Best_Model_RMSE,May_2024_Forecast
sku7,-2.200768820613383,0.20596653766455897,No,-4.8138878063065755,5.1154872169893644e-05,Yes,-4.635846302189368,0.00011088182349481898,Yes,5802.427416923977,5789.519139918916,5561.059240179844,5969.914466268817,6356.46117112721,6033.516151700048,"(2, 1, 1)",5561.059240179844,5729.818478783795,7020.113128243258,5732.509952243806,5850.77674388811,5906.4043584585115,7235.723347935613,"((0, 0, 0), (0, 0, 1, 12))",5729.818478783795,ARIMA,5561.059240179844,709.537491198119
sku8,-6.677212993623944,4.434035855742693e-09,Yes,-6.581485853277947,7.494947684386695e-09,Yes,-6.420145289486819,1.7999713538776006e-08,Yes,699.6197078873298,712.1669130022694,714.0010675691076,428.4885169742291,679.5055602030814,715.1355096560179,"(2, 2, 1)",428.4885169742291,1381.1762732601505,1742.211860442543,1456.1418747689152,600.4804433815543,975.7369506733979,1233.0968546936435,"((0, 0, 0), (0, 1, 1, 12))",600.4804433815543,ARIMA,428.4885169742291,2052.54653446512
